house_id,city,sale_price,sale_date,months_listed,bedrooms,house_type,area
1634561,Teasdale,401869,12/14/2021,7,6,Detached,519.7
1009770,Silvertown,372387,9/11/2022,8.1,6,Detached,507.8
1946667,Silvertown,325473,8/19/2020,5.4,5,Detached,466.8
1798290,Silvertown,349469,12/10/2022,6.4,5,Detached,499.4
1533461,Poppleton,199995,4/7/2020,4.3,4,Detached,335
1232200,Teasdale,67372,5/9/2021,5.9,2,Semi-detached,116.5
1182761,Poppleton,193803,10/30/2022,9.5,4,Detached,321.8
1346363,Poppleton,321844,12/6/2020,6.3,6,Detached,582.9
1459745,Riverford,268723,9/7/2022,5.8,6,Detached,553
1610313,Poppleton,113063,7/19/2021,2.2,3,Semi-detached,239.4
1317126,Teasdale,41478,7/8/2022,7.2,2,Terraced,111.7
1087100,Poppleton,155106,6/25/2021,2.9,3,Detached,265.5
1488925,Riverford,208507,5/30/2022,9.7,4,Detached,393.5
1714846,Silvertown,413526,8/19/2021,3.1,6,Detached,569
1042643,Teasdale,415605,9/17/2020,1,6,Detached,581.6
1377739,Silvertown,194645,1/5/2022,2,3,Detached,274.8
1904652,Riverford,23181,9/7/2022,4.9,2,Terraced,101.3
1165244,Riverford,320225,11/22/2020,2.5,6,Detached,590.5
1579548,Silvertown,106116,5/23/2022,4,3,Semi-detached,202.9
1488968,Silvertown,234688,10/13/2022,3.3,4,Detached,332.7
1935780,Silvertown,428866,3/28/2021,6.5,6,Detached,573.6
1086216,Teasdale,257398,1/15/2021,8.2,4,Detached,338.9
1373797,Riverford,109814,10/7/2022,5,3,Detached,211.4
1740539,Riverford,159533,5/6/2022,4,4,Detached,339.1
1308603,Poppleton,121614,12/11/2021,5.1,3,Detached,219.4
1630422,Silvertown,106098,12/20/2020,5.6,2,Semi-detached,196.5
1124700,Teasdale,433904,6/22/2022,8.1,6,Detached,599.6
1152528,Teasdale,130151,6/3/2021,4.8,3,Semi-detached,221.1
1945232,Silvertown,368984,6/29/2021,2.9,5,Detached,498.6
1979722,Riverford,285023,3/24/2021,2.9,6,Detached,562.6
1409959,Riverford,55809,4/16/2022,5.3,2,Semi-detached,148.1
1440885,Silvertown,310956,5/6/2022,9,5,Detached,433.5
1304938,Poppleton,276337,11/10/2021,8.6,5,Detached,449.8
1336638,Silvertown,242598,3/12/2020,7.6,4,Detached,341
1453413,Poppleton,341008,3/7/2022,5.9,6,Detached,591.5
1319131,Teasdale,95441,6/27/2021,5.7,2,Semi-detached,163.8
1272712,Teasdale,137139,1/4/2021,8,3,Semi-detached,213.3
1778882,Poppleton,247739,10/4/2022,7.4,4,Detached,394.2
1975821,Riverford,272388,6/8/2022,5.1,5,Detached,495.3
1934969,Riverford,130108,5/1/2022,5.1,3,Detached,284.9
1795070,Silvertown,399652,5/22/2021,5,6,Detached,567.1
1447152,Teasdale,248686,12/10/2021,5.8,4,Detached,311.4
1560330,Teasdale,353630,5/17/2020,9.7,5,Detached,419.6
1389691,Poppleton,76029,10/16/2020,5.3,2,Semi-detached,183.2
1256691,Teasdale,438922,9/26/2022,4.9,6,Detached,528.7
1783636,Poppleton,35110,10/1/2020,8.3,2,Terraced,116
1605074,Silvertown,275995,6/9/2021,6.9,5,Detached,421.4
1579733,Teasdale,361171,8/31/2020,11,5,Detached,425.8
1524267,Poppleton,232195,11/7/2021,5,4,Detached,383.8
1477266,Silvertown,192310,8/19/2021,6,3,Detached,276
1189627,Silvertown,71094,1/31/2020,7.9,2,Semi-detached,137.1
1004887,Poppleton,80156,4/17/2021,6.2,2,Semi-detached,177.2
1130084,Teasdale,409702,1/19/2020,5,6,Detached,525
1185353,Silvertown,215429,11/25/2021,6.4,4,Detached,305.7
1654137,Poppleton,71495,10/10/2022,5.8,2,Semi-detached,153.6
1496270,Poppleton,85356,6/7/2020,7.5,2,Semi-detached,198.4
1123020,Silvertown,277756,1/27/2022,3.1,5,Detached,422.2
1558840,Teasdale,363268,5/9/2021,5.1,5,Detached,474.6
1040876,Teasdale,439609,12/5/2021,7.6,6,Detached,516.5
1657318,Poppleton,196704,10/4/2021,5.2,4,Detached,324.1
1891576,Silvertown,78823,5/4/2021,3.8,2,Semi-detached,154.6
1739640,Poppleton,213012,11/9/2020,7.4,4,Detached,379
1762306,Poppleton,235404,5/8/2022,6.4,5,Detached,401.2
1758173,Teasdale,297353,11/27/2020,5.8,4,Detached,338.9
1159237,Poppleton,243197,3/1/2020,6.6,5,Detached,404.9
1359874,Teasdale,89950,11/29/2022,3.9,3,Terraced,227.9
1537517,Poppleton,184165,10/28/2021,7,4,Detached,316.5
1744595,Poppleton,323027,11/27/2022,6.9,6,Detached,553.4
1573501,Silvertown,241792,1/20/2022,5.9,4,Detached,339.3
1029718,Teasdale,374110,5/1/2021,2.9,5,Detached,460.3
1971259,Riverford,322694,2/17/2020,9.4,6,Detached,598.8
1615821,Poppleton,336808,8/6/2021,7.7,6,Detached,575.2
1609069,Teasdale,49987,5/8/2022,4.9,2,Terraced,119.2
1377136,Silvertown,347003,11/1/2020,5.6,6,Detached,552.1
1526388,Poppleton,174474,2/8/2022,6.2,3,Detached,299
1111557,Silvertown,323803,5/24/2022,2.8,5,Detached,457.2
1417179,Teasdale,200146,4/2/2021,4.8,3,Detached,255.4
1223299,Riverford,294691,5/2/2021,3.5,6,Detached,560.6
1737203,Poppleton,172036,10/20/2022,7.2,4,Detached,307.9
1109555,Silvertown,339025,10/13/2021,5.4,6,Detached,523.3
1636533,Silvertown,243117,11/25/2022,7,4,Detached,338.6
1027198,Silvertown,194077,3/17/2022,5.3,3,Detached,291.1
1922450,Silvertown,195974,5/27/2022,3.9,3,Detached,281.1
1617331,Teasdale,516624,6/30/2022,5,6,Detached,596.9
1563665,Silvertown,184784,2/26/2022,4.8,3,Detached,277.1
1384545,Teasdale,217063,3/24/2020,6.9,3,Detached,271
1322880,Riverford,199827,5/28/2022,3.6,5,Detached,408.8
1365197,Poppleton,276932,4/27/2022,7.5,5,Detached,463.9
1349378,Silvertown,374141,6/1/2022,6.5,6,Detached,506.3
1079769,Silvertown,181196,7/26/2021,2.8,3,Detached,260.4
1740291,Silvertown,298140,11/12/2021,0.8,5,Detached,427.3
1131472,Silvertown,240606,2/23/2022,6.4,4,Detached,364.3
1191856,Riverford,271071,8/16/2020,2.7,6,Detached,567.9
1611575,Silvertown,64098,3/21/2020,3.3,2,Semi-detached,128.8
1370172,Teasdale,176089,1/30/2021,6,3,Detached,216.9
1211396,Silvertown,260869,10/7/2022,2.4,4,Detached,357.1
1809993,Silvertown,38792,2/2/2020,3.7,2,Terraced,107.8
1181612,Silvertown,357576,7/25/2022,4.3,6,Detached,510.6
1963360,Teasdale,72500,9/21/2021,4.4,2,Semi-detached,128.3
1677369,Poppleton,260135,1/8/2022,5.9,5,Detached,440.6
1100786,Teasdale,254782,6/5/2020,5.7,4,Detached,339.1
1257219,Teasdale,288870,9/25/2020,5.5,4,Detached,354.2
1446965,Silvertown,252522,9/11/2022,7.6,4,Detached,366.5
1187562,Teasdale,106866,3/2/2020,6.3,2,Semi-detached,195.4
1203137,Teasdale,91641,5/18/2021,5.2,2,Semi-detached,145.7
1870954,Silvertown,118415,3/8/2022,9.3,3,Semi-detached,219.9
1698510,Silvertown,295302,11/12/2020,6.7,5,Detached,439.3
1881469,Silvertown,290033,2/3/2022,2.5,5,Detached,403.1
1100411,Riverford,40111,5/14/2021,8,2,Semi-detached,111.6
1293287,Silvertown,385211,6/24/2022,5.7,6,Detached,543
1545556,Silvertown,144525,8/29/2022,2.1,3,Detached,218.4
1681404,Silvertown,421460,9/20/2020,1.9,6,Detached,583.9
1956067,Silvertown,172738,6/16/2022,5.3,3,Detached,246.3
1067038,Teasdale,249200,7/2/2022,8.1,3,Detached,293.5
1090523,Silvertown,68141,2/16/2021,6.2,3,Terraced,205
1861353,Silvertown,250316,3/29/2021,7.6,4,Detached,370.5
1948827,Silvertown,62985,8/18/2021,4.7,2,Semi-detached,113.2
1588970,Silvertown,57387,3/2/2022,6.3,2,Semi-detached,112.4
1680984,Riverford,30971,7/30/2022,6.7,2,Terraced,131.5
1590458,Riverford,252866,6/27/2021,4.5,6,Detached,551.1
1512645,Silvertown,202339,6/1/2021,3.3,3,Detached,299.9
1140940,Poppleton,270969,1/3/2020,3.7,5,Detached,458.1
1990339,Riverford,262245,1/4/2020,4.1,6,Detached,525.2
1124910,Riverford,66592,5/1/2021,7.7,2,Semi-detached,178.7
1977248,Poppleton,163449,2/25/2022,0.3,3,Detached,282.6
1631091,Silvertown,77797,12/1/2021,7,3,Terraced,224.3
1161719,Silvertown,301887,6/22/2022,8.4,5,Detached,413
1458216,Poppleton,343969,1/13/2020,7.8,6,Detached,546.3
1044065,Poppleton,152865,1/14/2020,4,3,Detached,267.8
1413343,Silvertown,106757,12/2/2021,5.5,3,Semi-detached,214.8
1874541,Teasdale,333107,2/3/2022,7.1,5,Detached,419.8
1914040,Riverford,159526,11/27/2021,6.7,4,Detached,337
1438546,Silvertown,165342,9/24/2022,5.9,3,Detached,234.8
1789341,Teasdale,88846,10/21/2020,7.6,3,Terraced,226.8
1029998,Poppleton,288417,4/22/2022,0.8,5,Detached,458.8
1122648,Silvertown,74877,5/5/2020,5.6,2,Semi-detached,143.7
1267908,Poppleton,333414,11/25/2021,5.6,6,Detached,569.5
1034144,Teasdale,322849,4/20/2022,4.4,5,Detached,444.3
1939333,Riverford,155511,4/26/2021,4.7,3,Detached,298.8
1554142,Silvertown,269308,5/25/2020,4.6,4,Detached,367.8
1154520,Riverford,238229,11/2/2022,7.9,5,Detached,460
1638398,Poppleton,212306,7/4/2021,6.9,4,Detached,385
1724642,Silvertown,372613,10/19/2021,4.9,6,Detached,553.9
1328104,Poppleton,269271,7/22/2020,4.9,5,Detached,483.7
1896724,Silvertown,105120,4/29/2022,5.8,3,Semi-detached,208.2
1558067,Poppleton,373386,5/3/2022,5.2,6,Detached,555.6
1388243,Silvertown,278373,3/11/2022,8,4,Detached,389.7
1722754,Poppleton,289269,2/2/2022,6.7,5,Detached,482.7
1509635,Silvertown,358204,8/26/2020,3.8,5,Detached,479.9
1995485,Riverford,139794,5/27/2021,5,3,Detached,268.7
1626519,Silvertown,279673,8/25/2021,3.5,5,Detached,421.5
1451499,Silvertown,326130,2/18/2021,5.4,5,Detached,453.6
1941154,Riverford,245419,3/12/2021,6.8,5,Detached,498
1076986,Silvertown,60712,4/18/2021,10.6,2,Semi-detached,108.2
1218668,Poppleton,192083,4/14/2022,4.8,4,Detached,303.4
1106142,Silvertown,218191,10/26/2020,6.4,4,Detached,309.2
1283101,Teasdale,221572,10/7/2020,6.2,3,Detached,282.4
1202040,Silvertown,391619,10/26/2021,5.4,6,Detached,596.5
1368369,Teasdale,350169,7/16/2022,8.3,5,Detached,436.1
1166737,Riverford,162652,9/2/2021,2.8,4,Detached,348.6
1199613,Silvertown,54421,7/7/2022,5.3,2,Semi-detached,115.1
1520767,Silvertown,238958,12/7/2021,5.9,4,Detached,332.2
1187630,Poppleton,226332,7/13/2020,5.6,4,Detached,370.4
1624607,Silvertown,121148,11/11/2020,5.8,3,Semi-detached,229.1
1175936,Silvertown,280173,12/2/2020,3.9,4,Detached,382.4
1719078,Silvertown,99717,1/4/2022,6,2,Semi-detached,173.4
1320867,Riverford,157480,12/25/2022,8,4,Detached,300.8
1205924,Poppleton,286116,3/19/2022,3.2,5,Detached,431.5
1608724,Teasdale,284254,2/11/2020,2.9,4,Detached,381.4
1360009,Teasdale,72337,11/27/2022,6.8,2,Semi-detached,129.9
1044267,Riverford,56430,7/26/2022,5.1,2,Semi-detached,154.5
1892591,Silvertown,262759,3/16/2022,4.6,5,Detached,408.9
1318950,Poppleton,326165,7/2/2020,2.9,6,Detached,525.4
1551761,Teasdale,75565,5/10/2020,6,2,Semi-detached,140.6
1740379,Silvertown,64239,3/10/2021,4.5,2,Semi-detached,106.9
1251442,Teasdale,433236,3/14/2020,6.6,6,Detached,581.4
1271709,Silvertown,352954,10/17/2021,5.4,5,Detached,456.1
1608199,Riverford,178179,12/9/2020,8.8,4,Detached,331.3
1662264,Silvertown,236510,6/7/2020,7.2,4,Detached,337.8
1593366,Silvertown,98538,3/15/2022,7.8,2,Semi-detached,192.3
1670174,Silvertown,290958,2/16/2021,5.2,5,Detached,445.2
1177400,Silvertown,337862,7/11/2022,6.4,6,Detached,501.9
1718286,Poppleton,209139,6/10/2021,6.3,4,Detached,334.7
1056929,Silvertown,65113,4/13/2021,7.4,3,Terraced,203.7
1261487,Silvertown,73438,11/4/2021,7,3,Terraced,216.4
1918887,Riverford,89352,5/4/2022,3.3,3,Semi-detached,225.1
1839301,Riverford,188271,11/9/2022,5.1,4,Detached,368.8
1378944,Teasdale,274615,12/11/2022,6.7,4,Detached,324.4
1361678,Silvertown,120910,2/12/2022,5.1,3,Semi-detached,230
1057994,Silvertown,417167,5/12/2022,6.6,6,Detached,583.4
1415253,Teasdale,85250,9/30/2020,2.8,2,Semi-detached,133.5
1749362,Riverford,191281,6/13/2020,7.1,4,Detached,375
1531813,Poppleton,386972,12/28/2020,5.1,6,Detached,579.7
1174334,Teasdale,359501,11/7/2020,8.3,5,Detached,462.9
1768142,Teasdale,400139,8/19/2022,7.2,5,Detached,484
1304474,Poppleton,252358,6/6/2020,4,5,Detached,422.4
1401518,Silvertown,185069,10/9/2020,6.6,3,Detached,282.2
1602387,Silvertown,149137,12/27/2022,3.3,3,Detached,208.8
1692601,Silvertown,381504,8/1/2020,3.9,6,Detached,521.5
1379147,Poppleton,86428,5/16/2021,6.4,2,Semi-detached,188.6
1286114,Poppleton,248906,9/16/2021,7.2,5,Detached,418.2
1759763,Poppleton,258477,11/19/2022,6.7,5,Detached,441.7
1498928,Poppleton,134977,5/20/2021,6.5,3,Detached,234.5
1052026,Poppleton,171227,4/21/2022,8.4,3,Detached,272
1929701,Teasdale,246540,10/15/2020,2.6,3,Detached,297.6
1411764,Poppleton,45163,6/29/2022,8.8,2,Terraced,159.3
1518986,Poppleton,149367,10/21/2020,7.1,3,Detached,254.8
1769885,Silvertown,209648,2/28/2022,5.9,3,Detached,282.5
1765487,Silvertown,347563,9/15/2020,6.9,5,Detached,483.9
1410151,Teasdale,240666,8/3/2022,4.9,4,Detached,320.6
1134263,Silvertown,320249,10/3/2021,2.8,5,Detached,494
1839953,Teasdale,82874,5/12/2022,4.7,2,Semi-detached,148.7
1957935,Poppleton,150119,1/25/2020,6.5,3,Detached,251
1401395,Teasdale,271090,10/12/2020,1.5,4,Detached,374.3
1649718,Teasdale,354130,5/1/2022,6.5,5,Detached,442.8
1165972,Poppleton,223128,1/5/2021,2.7,4,Detached,348.4
1378518,Teasdale,300266,6/27/2020,6.3,4,Detached,360.3
1257987,Poppleton,314589,4/18/2021,4.2,6,Detached,540.2
1062862,Teasdale,350690,12/7/2020,3.2,5,Detached,448.1
1796287,Poppleton,230724,4/22/2022,6,5,Detached,418.5
1422316,Poppleton,199246,12/25/2021,2,3,Detached,292.1
1171902,Poppleton,330478,7/30/2020,7.8,6,Detached,568.9
1150214,Silvertown,307053,1/4/2021,6.1,5,Detached,448
1787139,Riverford,47587,10/9/2021,2.8,2,Terraced,196.1
1954307,Silvertown,123146,2/12/2020,5.1,3,Semi-detached,232.3
1872657,Riverford,124207,7/8/2022,5.3,3,Detached,241
1992565,Poppleton,254878,3/11/2021,12,5,Detached,411
1635959,Silvertown,385926,12/5/2021,6.5,6,Detached,545.2
1564606,Poppleton,342624,1/20/2022,3.2,6,Detached,599.1
1179507,Riverford,207609,4/4/2021,3.6,5,Detached,414.1
1019221,Silvertown,290826,11/11/2022,8.4,5,Detached,423.7
1758219,Poppleton,273715,11/2/2020,6.4,6,Detached,536.1
1001874,Silvertown,95006,5/14/2021,6.9,2,Semi-detached,183.7
1763492,Poppleton,244894,12/24/2022,5.9,5,Detached,404.7
1901931,Teasdale,456244,7/24/2021,3.5,6,Detached,595.2
1062220,Teasdale,127599,1/18/2022,4.6,3,Semi-detached,227
1575836,Teasdale,76801,2/23/2020,8.2,2,Semi-detached,137.4
1075409,Poppleton,267993,1/28/2020,8,5,Detached,472.9
1290752,Silvertown,395464,1/13/2020,6.5,6,Detached,564.8
1044630,Silvertown,419007,11/30/2021,6.2,6,Detached,599.6
1104937,Riverford,38536,1/1/2020,4.5,2,Semi-detached,103.3
1807648,Riverford,70369,1/24/2020,7.1,3,Semi-detached,201.2
1794466,Poppleton,145465,9/9/2020,4.8,3,Detached,248.3
1866939,Teasdale,288621,11/21/2021,3.7,4,Detached,347.8
1763383,Silvertown,231361,7/31/2020,7.5,4,Detached,334.1
1607347,Poppleton,262075,8/19/2021,4.2,5,Detached,412.8
1612898,Poppleton,328063,4/16/2022,6.9,6,Detached,537
1171951,Poppleton,175379,8/9/2021,6.5,3,Detached,299.4
1733876,Poppleton,142099,6/17/2022,10.5,3,Detached,228.5
1926275,Teasdale,86677,2/12/2021,6.7,2,Semi-detached,145.9
1593282,Teasdale,115288,2/13/2020,7,2,Semi-detached,193.4
1952765,Teasdale,355651,7/29/2021,5.6,5,Detached,461
1717808,Riverford,255251,4/14/2020,4.8,6,Detached,530.1
1658322,Silvertown,117774,9/28/2022,4.5,3,Semi-detached,227.5
1840298,Poppleton,29817,2/1/2020,6,2,Terraced,101.2
1966577,Silvertown,397700,12/16/2020,9,6,Detached,550.3
1625659,Teasdale,235516,12/16/2022,6.2,4,Detached,324.9
1505694,Silvertown,325388,10/30/2022,0.6,5,Detached,478.4
1196218,Poppleton,140548,9/13/2020,6.7,3,Detached,226.1
1964046,Poppleton,190093,12/11/2021,8.8,4,Detached,306.7
1457312,Silvertown,293965,6/4/2020,5,5,Detached,429.8
1732637,Teasdale,473336,9/6/2020,8.1,6,Detached,598.3
1942805,Silvertown,55226,9/5/2021,8.2,2,Terraced,160.5
1347606,Silvertown,63301,2/28/2020,5.6,2,Terraced,177.6
1184164,Teasdale,222017,12/9/2021,6.7,3,Detached,269.5
1547407,Teasdale,215139,10/13/2021,6.9,3,Detached,260.9
1096873,Teasdale,466321,2/10/2020,6.4,6,Detached,532.4
1920641,Silvertown,289694,12/25/2020,4,4,Detached,395.5
1229072,Teasdale,122082,7/16/2020,7.7,3,Semi-detached,208.5
1545263,Poppleton,240427,7/12/2022,6.7,4,Detached,386.5
1534443,Teasdale,344946,10/7/2020,6.5,5,Detached,422.8
1688002,Silvertown,308318,3/27/2020,5.7,5,Detached,471.9
1210618,Poppleton,223820,4/26/2020,9.7,5,Detached,404
1120136,Silvertown,230418,2/9/2020,5.4,4,Detached,325.5
1240223,Silvertown,192125,9/11/2022,6.6,3,Detached,290
1827485,Silvertown,349505,1/19/2020,5.8,5,Detached,447.2
1115856,Silvertown,249976,8/16/2022,1.5,4,Detached,371.6
1013452,Silvertown,367214,6/29/2021,7.9,6,Detached,501.1
1648832,Poppleton,168406,11/2/2020,5.9,3,Detached,294.4
1637202,Poppleton,342195,6/9/2022,6.8,6,Detached,574.2
1522464,Teasdale,234123,10/11/2022,10.4,3,Detached,283.2
1025361,Poppleton,193452,5/22/2020,7.4,4,Detached,302.6
1423616,Silvertown,232910,2/25/2021,3.3,4,Detached,339.1
1820401,Silvertown,119269,6/20/2021,6,3,Semi-detached,221.6
1142969,Silvertown,75825,7/12/2020,2.9,3,Terraced,205.4
1252336,Silvertown,401536,8/31/2021,8.1,6,Detached,520.9
1689823,Riverford,175863,2/19/2020,7.9,4,Detached,333.4
1828245,Silvertown,174723,7/5/2022,7,3,Detached,251.7
1892592,Silvertown,212785,4/13/2022,2,4,Detached,310.3
1778521,Teasdale,349431,5/28/2022,5.5,5,Detached,449.1
1077661,Silvertown,62275,3/20/2022,6.7,2,Semi-detached,122
1284556,Poppleton,52946,8/5/2022,5,2,Terraced,187.1
1773796,Poppleton,164657,8/18/2022,4.5,3,Detached,275.3
1884248,Silvertown,92232,4/30/2022,3.1,2,Semi-detached,181.4
1137674,Riverford,57249,2/12/2022,6.4,2,Semi-detached,152.7
1127541,Silvertown,246582,3/27/2021,5.7,4,Detached,351.7
1353954,Silvertown,58473,8/15/2022,6,2,Terraced,169.2
1742650,Riverford,132917,5/26/2020,6.8,3,Detached,267.9
1926821,Poppleton,333646,12/5/2022,7,6,Detached,556.7
1318936,Poppleton,63114,5/24/2021,5.4,2,Semi-detached,140.4
1334277,Poppleton,222922,5/23/2022,6.2,4,Detached,363.1
1306152,Poppleton,56155,8/16/2022,3.7,3,Terraced,215.5
1345514,Riverford,264909,10/4/2021,6.5,6,Detached,528.5
1865336,Poppleton,347531,4/27/2020,7.2,6,Detached,595.2
1447975,Poppleton,207985,6/20/2021,5.6,4,Detached,333.6
1536382,Silvertown,65182,7/21/2021,4.3,2,Terraced,173.7
1356020,Silvertown,315515,5/15/2021,5.7,5,Detached,451.8
1431898,Silvertown,394399,2/28/2020,4.5,6,Detached,554.4
1446959,Poppleton,214085,6/20/2020,5.9,4,Detached,369.4
1415203,Teasdale,77362,3/20/2021,7.1,2,Semi-detached,134.8
1967688,Silvertown,354608,6/21/2022,5,5,Detached,491
1280560,Teasdale,92807,1/4/2022,6.8,3,Terraced,236.9
1520810,Silvertown,344213,10/18/2021,5.7,5,Detached,485
1693193,Poppleton,218857,1/17/2020,7,4,Detached,356.8
1276760,Poppleton,197170,9/9/2020,5.1,4,Detached,360.3
1825971,Teasdale,102934,12/16/2020,4.1,2,Semi-detached,181.5
1072857,Silvertown,56756,3/24/2020,6.7,2,Terraced,161.5
1589935,Silvertown,344582,5/28/2021,5.1,5,Detached,493.2
1848006,Silvertown,402438,7/26/2021,8,6,Detached,564.4
1509026,Teasdale,429779,11/4/2022,8.1,6,Detached,582.5
1703210,Silvertown,427937,12/3/2022,5.6,6,Detached,570.2
1040448,Teasdale,473598,6/13/2022,5.2,6,Detached,536.4
1888170,Poppleton,73606,8/8/2020,9.4,3,Terraced,232.7
1212969,Teasdale,73959,9/5/2021,6.5,3,Terraced,205.2
1624917,Silvertown,420750,9/4/2021,4.9,6,Detached,562.3
1063402,Silvertown,307755,9/29/2022,6.1,5,Detached,415.9
1553612,Riverford,286637,10/5/2020,3.2,6,Detached,563.3
1886711,Silvertown,252909,10/21/2021,5.4,4,Detached,363.8
1386252,Silvertown,166309,6/7/2021,5.2,3,Detached,259.8
1873424,Teasdale,365171,6/8/2021,8.1,5,Detached,483
1202345,Silvertown,176566,12/17/2022,2.4,3,Detached,254.6
1854053,Silvertown,76018,1/25/2021,6,2,Semi-detached,132.7
1422542,Poppleton,186138,12/2/2022,5.9,4,Detached,300.8
1537532,Silvertown,271660,8/14/2021,8.9,4,Detached,384.4
1557428,Silvertown,180533,9/5/2021,6.1,3,Detached,258.8
1390144,Riverford,188889,7/20/2021,4,4,Detached,391.3
1421959,Silvertown,128148,9/27/2021,9,3,Semi-detached,234.5
1100284,Poppleton,323365,9/10/2021,6.4,6,Detached,508.3
1337587,Riverford,228577,9/9/2020,4.6,5,Detached,496.8
1135689,Poppleton,73796,3/14/2021,4.7,2,Semi-detached,164.6
1496656,Poppleton,189014,11/12/2020,7,4,Detached,326.8
1835245,Teasdale,101030,8/7/2022,7.1,2,Semi-detached,151.8
1480614,Teasdale,272484,6/5/2022,10.4,4,Detached,348.2
1449055,Teasdale,242197,6/7/2020,4.9,3,Detached,298.9
1850841,Poppleton,212573,6/11/2022,6.5,4,Detached,344.6
1784552,Silvertown,387872,3/19/2021,6.2,6,Detached,562.1
1175347,Silvertown,232686,12/3/2022,7,4,Detached,333.8
1614513,Teasdale,485896,7/12/2021,4.5,6,Detached,579.4
1973573,Teasdale,433655,2/9/2020,4,6,Detached,540.4
1605016,Poppleton,270203,6/15/2021,5.9,5,Detached,453.3
1962507,Riverford,75781,6/21/2022,6.4,3,Semi-detached,209
1046247,Silvertown,306747,7/10/2021,3.2,5,Detached,486.9
1931926,Silvertown,310393,2/12/2021,9,5,Detached,450.6
1906383,Silvertown,427514,7/13/2021,5.2,6,Detached,584.1
1708299,Teasdale,80823,12/28/2020,6.4,2,Semi-detached,145.2
1901370,Silvertown,180818,11/1/2020,2.3,3,Detached,255.6
1401207,Silvertown,220668,2/3/2022,7.9,4,Detached,317.7
1612277,Silvertown,57012,7/25/2021,7.7,2,Terraced,162
1818428,Teasdale,464586,1/21/2020,6.8,6,Detached,578.6
1702601,Poppleton,281996,4/15/2022,2.4,5,Detached,454.2
1023294,Riverford,139732,10/17/2020,6.1,3,Detached,281.8
1474128,Silvertown,256773,11/10/2020,6.9,4,Detached,389.1
1034062,Silvertown,207032,12/20/2020,4.2,3,Detached,273.4
1037024,Silvertown,279361,1/14/2022,4.6,5,Detached,401.5
1849072,Poppleton,221229,9/26/2020,5.9,4,Detached,372.8
1042085,Teasdale,358051,12/4/2021,5,5,Detached,448.5
1467667,Teasdale,451611,7/21/2020,6.8,6,Detached,585.9
1739560,Silvertown,63629,6/13/2021,5.8,2,Terraced,186.5
1716643,Teasdale,314740,3/24/2021,7.5,5,Detached,452.2
1203706,Poppleton,347990,5/10/2021,5.7,6,Detached,560.6
1576243,Silvertown,303530,9/10/2020,6.8,5,Detached,430.6
1039025,Teasdale,235911,12/3/2022,3.3,3,Detached,290.2
1190849,Riverford,210506,10/27/2020,5.8,4,Detached,373
1689718,Silvertown,267097,11/7/2021,6.1,5,Detached,408.8
1246343,Poppleton,222523,12/29/2022,7.4,4,Detached,360.9
1565133,Silvertown,93951,10/28/2020,3.2,2,Semi-detached,162.3
1464542,Silvertown,257793,4/7/2020,5.5,4,Detached,394.3
1585264,Teasdale,124398,8/3/2021,3,3,Semi-detached,212.4
1809895,Poppleton,179399,3/15/2022,3.8,3,Detached,297.2
1733135,Teasdale,111518,9/24/2022,6.8,2,Semi-detached,187.4
1299635,Silvertown,253811,11/25/2020,7.4,4,Detached,344.4
1428833,Teasdale,412371,5/8/2021,6.9,5,Detached,493.8
1548380,Teasdale,442858,12/6/2020,5.2,6,Detached,546.8
1523116,Teasdale,392640,6/21/2022,6.9,5,Detached,481.8
1759607,Silvertown,408606,5/17/2021,4.4,6,Detached,567.8
1469058,Poppleton,217605,6/5/2022,8.4,4,Detached,379.4
1815835,Poppleton,298933,10/26/2020,7.1,6,Detached,523.1
1775360,Silvertown,191048,6/1/2021,2.5,3,Detached,290.6
1468783,Poppleton,41496,12/4/2022,4.6,2,Terraced,136.5
1271142,Poppleton,175502,12/5/2020,4.3,3,Detached,290.8
1560627,Riverford,212041,12/3/2022,5.4,5,Detached,414.1
1686587,Poppleton,168631,5/11/2021,5.3,3,Detached,266.9
1979406,Poppleton,209711,5/25/2021,5.9,4,Detached,359.3
1235289,Teasdale,341837,11/17/2020,6.5,5,Detached,464.7
1011567,Silvertown,436304,8/30/2021,3.5,6,Detached,593.6
1398902,Poppleton,324862,8/25/2020,11.7,6,Detached,530.4
1178681,Teasdale,423623,9/13/2021,7.9,6,Detached,585.8
1717760,Poppleton,326328,10/6/2022,6.3,6,Detached,540.3
1151596,Teasdale,152719,4/14/2021,2.6,2,Detached,183.7
1496211,Silvertown,257488,8/25/2020,5.6,4,Detached,378.5
1835283,Teasdale,334466,1/7/2022,4.9,5,Detached,431.4
1026944,Teasdale,408397,2/7/2021,4.6,6,Detached,512
1222163,Silvertown,252485,1/9/2020,6.3,4,Detached,353.2
1923194,Teasdale,361235,11/19/2022,3.1,5,Detached,443.5
1889296,Poppleton,122838,12/27/2022,7.4,3,Detached,205.2
1818049,Poppleton,79748,6/12/2020,6.3,2,Semi-detached,177.8
1524270,Teasdale,147745,8/9/2021,4.4,3,Semi-detached,237.1
1335915,Teasdale,472091,11/4/2021,13.3,6,Detached,584.5
1349199,Silvertown,72445,6/14/2020,6.5,3,Terraced,207.8
1763487,Poppleton,67640,2/11/2022,3.6,2,Semi-detached,152.7
1818275,Silvertown,418680,9/11/2020,2.8,6,Detached,595.1
1589434,Teasdale,92481,9/20/2022,4.8,2,Semi-detached,144.2
1892089,Poppleton,288952,12/30/2021,3.8,5,Detached,482.7
1424475,Poppleton,170119,6/3/2021,6.4,3,Detached,290.7
1341599,Poppleton,287911,3/6/2021,8.2,5,Detached,495
1425529,Silvertown,75364,5/5/2020,1.8,2,Semi-detached,143.1
1262329,Silvertown,123921,1/18/2022,2.6,3,Semi-detached,232.3
1499786,Silvertown,338833,9/21/2022,3.3,5,Detached,479.8
1590084,Poppleton,72504,9/12/2020,8.3,2,Semi-detached,149.6
1511682,Poppleton,373017,1/5/2020,5,6,Detached,562.6
1098627,Teasdale,304991,5/16/2022,4.7,4,Detached,391
1589601,Silvertown,233405,11/19/2020,6.1,4,Detached,302.5
1114449,Teasdale,278469,2/5/2020,6.1,4,Detached,327.5
1254096,Silvertown,228735,1/21/2022,5.2,4,Detached,347.6
1959348,Teasdale,117122,2/7/2020,6.3,2,Semi-detached,190.4
1382840,Silvertown,439564,8/29/2020,7,6,Detached,591.9
1010303,Silvertown,68280,10/15/2021,7.5,2,Terraced,193.1
1521834,Poppleton,171906,10/12/2022,6.9,4,Detached,300.9
1260450,Teasdale,223633,4/9/2022,7.7,4,Detached,301.7
1125392,Teasdale,150997,8/20/2021,6.3,2,Detached,188.7
1603814,Teasdale,338221,6/26/2021,2.7,5,Detached,446.5
1153564,Silvertown,181840,9/29/2021,10.2,3,Detached,248.9
1983870,Silvertown,331546,9/18/2020,5.3,5,Detached,464.1
1683419,Poppleton,77611,1/13/2021,9.3,2,Semi-detached,181.7
1894664,Teasdale,77403,12/17/2020,4.6,3,Terraced,213.3
1830726,Poppleton,205297,10/18/2022,7.9,4,Detached,357.8
1057717,Riverford,49963,1/25/2022,5.1,2,Semi-detached,124.9
1003692,Teasdale,46107,4/26/2022,9.5,2,Terraced,119.9
1180108,Teasdale,301752,10/26/2021,3.8,4,Detached,393.2
1794675,Silvertown,338065,7/2/2021,7.2,5,Detached,476.7
1222764,Silvertown,95706,1/9/2021,2,2,Semi-detached,183.5
1119308,Silvertown,163026,5/19/2022,5.7,3,Detached,234.3
1483214,Silvertown,413247,5/15/2021,9.7,6,Detached,585.5
1270350,Poppleton,202852,11/8/2021,6.2,4,Detached,340.9
1524886,Silvertown,73901,12/22/2020,8.1,3,Terraced,224
1304089,Silvertown,227513,9/15/2020,6.7,4,Detached,342.6
1716276,Silvertown,368622,10/2/2022,5.6,6,Detached,544.1
1238487,Poppleton,163989,10/23/2021,6.2,3,Detached,291.8
1485528,Teasdale,360294,10/18/2021,1.2,5,Detached,413.4
1456434,Poppleton,336273,11/6/2021,6.6,6,Detached,523.4
1554195,Teasdale,424251,4/5/2022,5.9,5,Detached,492.9
1635131,Poppleton,115668,12/12/2022,7.2,3,Semi-detached,237
1478757,Teasdale,429005,8/4/2020,3,6,Detached,507.7
1719629,Riverford,80334,6/15/2020,6.1,3,Semi-detached,228.7
1611917,Poppleton,189942,11/30/2021,5.5,4,Detached,324.3
1524844,Silvertown,395221,1/4/2021,4.2,6,Detached,553.1
1008474,Riverford,255945,12/26/2021,2.9,6,Detached,525.6
1152291,Poppleton,85406,5/26/2021,9,2,Semi-detached,172.5
1992173,Riverford,183889,6/4/2022,7.3,4,Detached,379.7
1838549,Riverford,255209,1/21/2022,5.5,5,Detached,498.4
1751128,Teasdale,524175,8/23/2021,11.8,6,Detached,578.2
1739703,Poppleton,89366,3/27/2020,7.5,2,Semi-detached,193.2
1396236,Silvertown,306244,8/25/2020,5.4,5,Detached,437.4
1695455,Silvertown,278143,8/11/2022,7.5,4,Detached,376.5
1496691,Poppleton,201354,7/18/2022,8.4,4,Detached,357.4
1447072,Silvertown,41793,7/15/2022,7.7,2,Terraced,114.7
1514943,Teasdale,271863,3/11/2022,6.3,4,Detached,365.3
1547127,Teasdale,189801,10/9/2021,6,3,Detached,242.4
1100296,Riverford,56114,4/24/2022,4.8,3,Terraced,227.6
1135966,Poppleton,310576,2/5/2020,4.3,6,Detached,528
1510125,Teasdale,219987,11/11/2020,7.3,3,Detached,284.3
1869937,Poppleton,213666,8/9/2020,8.3,4,Detached,352.1
1089350,Teasdale,488900,8/15/2022,4,6,Detached,573.4
1814909,Riverford,49881,8/18/2020,5.4,2,Semi-detached,131.1
1589459,Poppleton,44641,7/11/2021,6.9,2,Terraced,141.3
1832630,Silvertown,164196,6/23/2021,5.2,3,Detached,252.1
1212908,Silvertown,268127,3/20/2022,7.2,5,Detached,401.1
1075073,Riverford,248893,5/9/2021,5,6,Detached,500.5
1606793,Teasdale,44552,5/22/2022,8.9,2,Terraced,110.8
1712157,Teasdale,121007,8/1/2020,3.4,2,Semi-detached,198.9
1300675,Teasdale,203709,12/8/2020,6.3,3,Detached,261.4
1308705,Silvertown,366210,9/14/2020,4.2,6,Detached,504.2
1368897,Silvertown,111225,1/5/2022,2.3,2,Semi-detached,198.2
1402477,Poppleton,339676,1/17/2022,6.6,6,Detached,587.8
1481065,Teasdale,392233,9/9/2021,9.6,6,Detached,502.7
1725621,Silvertown,188233,9/9/2022,6.5,3,Detached,255.4
1831368,Poppleton,52099,8/2/2021,6.5,2,Terraced,175.7
1508316,Poppleton,279888,4/18/2021,5.3,5,Detached,467.6
1441668,Teasdale,405433,6/14/2022,7.9,6,Detached,558.2
1090345,Teasdale,152347,4/15/2022,6.9,2,Detached,197.7
1777842,Silvertown,175486,9/7/2022,7.7,3,Detached,262.8
1714355,Teasdale,493951,10/27/2021,5.2,6,Detached,549.2
1544679,Teasdale,164890,4/30/2020,8.2,3,Detached,204.1
1083098,Poppleton,259717,1/19/2021,8.5,5,Detached,455.9
1543643,Poppleton,71995,4/11/2020,9.5,2,Semi-detached,147.1
1635958,Teasdale,187261,6/28/2021,8.7,3,Detached,241.9
1786922,Poppleton,181202,3/17/2020,7.4,4,Detached,324.8
1759261,Teasdale,474355,9/21/2021,3.5,6,Detached,549.5
1153698,Poppleton,330353,8/8/2022,2.7,6,Detached,536.8
1255198,Teasdale,384112,9/4/2021,6.2,5,Detached,471.5
1109373,Silvertown,297659,5/31/2020,5.5,5,Detached,411.5
1642066,Poppleton,316126,5/20/2020,4.4,6,Detached,511.2
1158664,Poppleton,130981,2/7/2022,7.9,3,Detached,208.3
1490065,Poppleton,199666,10/3/2022,6.7,4,Detached,359.2
1821287,Teasdale,433223,1/5/2022,7.2,6,Detached,534.3
1803858,Teasdale,191924,2/13/2021,6.8,3,Detached,263.5
1112412,Teasdale,78334,11/18/2022,2.3,3,Terraced,210
1946781,Silvertown,48219,10/3/2021,7.2,2,Terraced,147.3
1402994,Teasdale,462204,2/20/2020,6.4,6,Detached,594.8
1961791,Silvertown,360174,6/24/2022,7.7,5,Detached,493.7
1393123,Poppleton,337328,11/17/2022,10.1,6,Detached,578.3
1057924,Teasdale,258470,11/18/2020,5.1,4,Detached,328.2
1753375,Silvertown,187340,12/21/2020,5.9,3,Detached,268.9
1177052,Poppleton,137463,3/27/2022,4.7,3,Detached,228
1579865,Silvertown,308846,12/11/2021,9.8,5,Detached,457.3
1066924,Poppleton,172705,11/15/2021,2.1,3,Detached,294.6
1522055,Teasdale,418717,2/7/2022,5.3,5,Detached,491.1
1813408,Teasdale,354326,7/27/2022,5.3,5,Detached,438
1746294,Teasdale,476461,10/7/2020,4.6,6,Detached,582.9
1217952,Poppleton,279372,5/12/2020,4.3,5,Detached,421.8
1700997,Poppleton,330833,6/6/2022,2.9,6,Detached,533.5
1369031,Silvertown,246886,7/13/2020,5.6,4,Detached,346.2
1597966,Silvertown,76759,2/10/2022,5.9,3,Terraced,217.4
1016208,Poppleton,352017,4/20/2022,6.7,6,Detached,554.8
1714708,Teasdale,94864,6/19/2021,8.9,2,Semi-detached,161.4
1808115,Teasdale,88417,8/11/2021,4.5,3,Terraced,229.1
1478969,Teasdale,228962,11/14/2022,6.1,3,Detached,282
1803798,Poppleton,134455,10/10/2020,4.9,3,Detached,221.3
1514859,Teasdale,364803,10/31/2022,4.8,5,Detached,446
1126397,Silvertown,211096,4/30/2020,6.1,4,Detached,318.5
1709185,Teasdale,59728,8/5/2021,2.7,2,Semi-detached,100.6
1080278,Silvertown,411841,11/18/2020,5.5,6,Detached,557.7
1488289,Poppleton,290789,8/16/2020,8.9,6,Detached,512.7
1316133,Poppleton,78833,5/8/2021,10.2,2,Semi-detached,171.4
1563185,Teasdale,111047,5/13/2022,2.6,2,Semi-detached,192.7
1797841,Silvertown,232479,7/12/2020,4.8,4,Detached,392.6
1037241,Silvertown,67461,3/22/2021,4.2,2,Semi-detached,134.3
1886746,Teasdale,96772,5/7/2021,3.3,2,Semi-detached,161.9
1325072,Teasdale,92969,8/7/2021,4.3,3,Terraced,236.4
1075714,Silvertown,345296,7/5/2021,4,5,Detached,479.5
1605886,Teasdale,98549,12/31/2021,8,2,Semi-detached,159.2
1523311,Poppleton,54064,11/21/2022,1.6,2,Terraced,183.5
1680026,Silvertown,283064,6/1/2022,5.4,4,Detached,394.4
1565964,Silvertown,403568,5/20/2021,9.3,6,Detached,551.4
1458402,Poppleton,94519,6/27/2022,4.9,3,Semi-detached,218.2
1423205,Silvertown,66608,12/7/2020,7.9,2,Semi-detached,123.8
1177831,Teasdale,93205,6/24/2022,3.6,2,Semi-detached,154.2
1504579,Teasdale,311847,6/12/2022,6.4,4,Detached,384.7
1540625,Riverford,35859,11/15/2020,4.2,2,Semi-detached,102.7
1710511,Silvertown,212919,9/27/2020,6.7,3,Detached,284.7
1580389,Poppleton,70597,10/7/2020,8.8,3,Terraced,221.9
1299944,Teasdale,79892,11/11/2021,8.3,2,Terraced,191.3
1195361,Teasdale,138309,11/12/2021,6.8,2,Detached,185
1628360,Silvertown,389945,8/18/2022,6.7,6,Detached,555.7
1568948,Teasdale,144688,1/29/2020,6.3,3,Semi-detached,234.2
1749780,Silvertown,89660,9/18/2021,3.6,2,Semi-detached,181.9
1078506,Poppleton,262748,9/25/2020,7.8,5,Detached,414.8
1787707,Teasdale,371557,5/17/2022,4.3,5,Detached,446.9
1299762,Teasdale,340683,11/17/2022,4.5,5,Detached,462.7
1808231,Poppleton,175710,7/2/2020,9.5,3,Detached,297.9
1628206,Riverford,36443,2/18/2022,8.5,2,Semi-detached,100.8
1131614,Poppleton,215104,1/25/2021,7.8,4,Detached,360.1
1181220,Poppleton,208935,11/3/2022,6.2,4,Detached,325.8
1056537,Silvertown,254916,3/25/2020,3.2,4,Detached,370.9
1520135,Riverford,50125,8/15/2022,3.9,2,Semi-detached,147.3
1590523,Poppleton,85661,6/10/2020,4.9,2,Semi-detached,192.8
1215038,Silvertown,413320,5/7/2022,7.7,6,Detached,556
1172658,Teasdale,198261,4/9/2021,3.7,3,Detached,243
1539811,Poppleton,171893,1/17/2022,7.8,3,Detached,281.1
1542018,Silvertown,312597,9/4/2020,3.9,5,Detached,458.1
1402635,Teasdale,435408,8/24/2022,5.9,6,Detached,530.8
1058243,Silvertown,190773,3/31/2020,7.3,3,Detached,278.8
1843860,Teasdale,113923,5/22/2022,3.5,2,Semi-detached,197.2
1489216,Poppleton,71007,1/1/2020,6.1,2,Semi-detached,159.5
1322842,Teasdale,327095,5/21/2020,4.8,5,Detached,450.6
1346419,Poppleton,253259,11/18/2021,0.9,5,Detached,413.6
1777162,Teasdale,219293,5/28/2022,6.9,3,Detached,268
1153336,Silvertown,70274,8/16/2022,8.6,2,Terraced,199.4
1440880,Silvertown,302980,9/2/2022,7.1,5,Detached,447.2
1948897,Silvertown,118429,2/21/2022,5.8,3,Semi-detached,222.3
1229502,Teasdale,124941,7/7/2020,2.1,2,Semi-detached,187
1334370,Silvertown,285345,6/27/2020,7.4,5,Detached,401.5
1094961,Silvertown,397272,11/23/2021,3.9,6,Detached,568.3
1133703,Silvertown,363335,2/20/2021,7.7,5,Detached,488.3
1377408,Riverford,50398,11/4/2020,6.4,2,Semi-detached,133.5
1985931,Silvertown,56394,4/11/2021,9.5,2,Semi-detached,109.1
1899911,Silvertown,410844,10/17/2020,7.9,6,Detached,568.1
1005543,Poppleton,288162,11/10/2021,0.9,6,Detached,507.3
1298872,Teasdale,90193,1/19/2022,0.5,3,Terraced,227.9
1271670,Silvertown,217265,8/7/2022,8.5,3,Detached,297.1
1664387,Poppleton,311544,3/6/2020,5.5,6,Detached,529.2
1393613,Teasdale,343017,5/21/2021,3.3,6,Detached,501.9
1578405,Silvertown,62417,12/6/2020,7.8,2,Semi-detached,130.4
1928410,Silvertown,365837,2/29/2020,5.5,6,Detached,533.3
1968393,Poppleton,322601,12/14/2022,5.3,6,Detached,558.7
1553485,Silvertown,247777,8/15/2020,7.3,4,Detached,379.7
1522393,Silvertown,86379,6/8/2021,8.6,2,Semi-detached,160.2
1978333,Poppleton,30409,8/21/2022,4.7,2,Terraced,105.3
1600667,Teasdale,152308,1/23/2020,6.3,2,Detached,189.9
1921962,Silvertown,307562,8/27/2020,7.6,5,Detached,448.3
1763722,Poppleton,287027,6/14/2022,7.3,5,Detached,466
1879149,Riverford,35523,12/5/2022,7.8,2,Terraced,125
1880734,Poppleton,208833,6/6/2020,5.4,4,Detached,346.8
1042002,Silvertown,193805,6/21/2021,3.5,3,Detached,289.7
1758275,Silvertown,236748,11/17/2022,5.6,4,Detached,319.8
1449920,Silvertown,99443,11/5/2022,2,3,Semi-detached,205.4
1966984,Teasdale,96686,9/11/2021,6.7,2,Semi-detached,173.2
1604376,Teasdale,292180,3/2/2020,7,4,Detached,365.3
1223659,Silvertown,210480,8/26/2022,8,3,Detached,296.9
1421948,Riverford,282749,6/26/2021,5.2,6,Detached,569.6
1506497,Riverford,173809,11/20/2022,7.4,4,Detached,327.6
1929133,Silvertown,295043,3/20/2020,4.3,5,Detached,462.5
1845611,Poppleton,226280,8/3/2020,4.3,4,Detached,395.8
1458664,Riverford,158188,10/21/2021,6.7,4,Detached,323.2
1186775,Silvertown,193180,12/31/2021,5.7,3,Detached,297.6
1093829,Teasdale,249038,4/6/2021,7.3,4,Detached,311.4
1594137,Teasdale,347209,4/20/2022,7.8,5,Detached,428
1113560,Silvertown,417955,12/22/2020,7.3,6,Detached,592.8
1779049,Silvertown,405747,7/5/2020,5.4,6,Detached,560.6
1301881,Poppleton,44574,10/6/2021,3,2,Semi-detached,105.2
1402235,Poppleton,223049,3/22/2021,8.8,4,Detached,368.1
1431486,Silvertown,353427,9/20/2022,2.5,5,Detached,491.1
1024381,Riverford,266265,9/3/2022,3.9,6,Detached,521.5
1353725,Teasdale,315482,7/29/2020,9.1,4,Detached,389.5
1523560,Poppleton,309805,10/27/2022,5.2,6,Detached,519.4
1196305,Poppleton,140642,2/26/2020,4.6,3,Detached,236.7
1518166,Riverford,235179,6/21/2021,7.1,5,Detached,438.2
1647367,Riverford,42211,12/5/2022,4.2,2,Terraced,167.9
1333750,Silvertown,211318,9/23/2020,4.5,4,Detached,304.8
1150035,Poppleton,91539,1/17/2022,3.4,3,Semi-detached,221.8
1063253,Silvertown,379145,11/14/2021,5.8,5,Detached,492.5
1425224,Silvertown,50733,11/27/2021,8.1,2,Semi-detached,107.6
1651736,Poppleton,68686,5/31/2020,5.1,2,Semi-detached,155.9
1864928,Teasdale,238102,8/29/2021,0.3,4,Detached,304.7
1077347,Poppleton,210225,8/31/2021,5.6,4,Detached,339.4
1969997,Teasdale,451084,7/27/2021,9.7,6,Detached,577.7
1501099,Poppleton,283325,9/6/2022,5.1,5,Detached,487.5
1888872,Riverford,241845,7/20/2021,6.2,5,Detached,493.9
1124648,Poppleton,308116,3/11/2020,6,6,Detached,528.8
1495259,Silvertown,322771,2/15/2021,5.5,5,Detached,454.5
1948028,Silvertown,308585,1/9/2022,4.6,5,Detached,415.2
1044250,Silvertown,68511,9/12/2021,6,2,Terraced,192.7
1737424,Poppleton,337045,6/3/2020,5.5,6,Detached,599.2
1100889,Riverford,218489,1/18/2020,4.1,5,Detached,440.6
1471451,Poppleton,200649,9/28/2021,10.6,4,Detached,316.9
1742552,Poppleton,213842,9/6/2020,4.9,4,Detached,370.2
1711759,Riverford,201874,11/16/2020,3.7,5,Detached,408.3
1053842,Silvertown,334180,5/16/2021,6.1,5,Detached,446.5
1397015,Silvertown,411825,4/9/2020,7.1,6,Detached,578
1144422,Riverford,48517,3/21/2020,8.8,2,Semi-detached,128.1
1160218,Poppleton,65783,12/29/2022,3.5,2,Semi-detached,140.3
1364397,Teasdale,85774,1/2/2021,7.3,3,Terraced,219.2
1090643,Silvertown,305999,6/18/2020,8,5,Detached,434.7
1036231,Silvertown,210386,10/22/2022,6.7,3,Detached,297.5
1001061,Silvertown,68536,12/2/2022,6.1,2,Terraced,199.4
1308478,Silvertown,103346,12/22/2020,6.3,2,Semi-detached,191.6
1836537,Teasdale,498989,11/23/2021,6.1,6,Detached,592.4
1436574,Teasdale,89590,2/29/2020,4.4,3,Terraced,234.4
1659015,Silvertown,281059,2/26/2020,1.1,5,Detached,414.2
1554252,Teasdale,178119,8/6/2021,7.7,3,Detached,223.5
1592057,Teasdale,427270,2/8/2022,4.4,6,Detached,524.8
1449995,Teasdale,249276,6/19/2020,3.2,4,Detached,323.6
1000560,Silvertown,52255,8/15/2022,7.6,2,Terraced,158.3
1958763,Teasdale,73098,3/12/2021,5.4,2,Terraced,177.9
1934697,Teasdale,276106,12/20/2020,3.9,4,Detached,339.9
1267549,Poppleton,171368,5/7/2021,8.9,3,Detached,268
1100996,Poppleton,258939,7/5/2021,9.6,5,Detached,432.2
1870398,Poppleton,47778,9/13/2022,6.6,2,Semi-detached,103.1
1962071,Silvertown,181934,12/19/2022,8.2,3,Detached,274.9
1518799,Poppleton,76163,3/9/2022,4.1,2,Semi-detached,171.9
1951333,Riverford,42606,8/6/2020,2.7,2,Semi-detached,112.6
1647240,Silvertown,199213,5/27/2020,6.4,3,Detached,267.4
1264197,Silvertown,101772,10/3/2022,7.1,3,Semi-detached,202.8
1039697,Silvertown,78557,11/22/2022,8.2,2,Semi-detached,148.7
1990551,Riverford,72702,5/25/2021,6.6,2,Semi-detached,188.4
1314817,Silvertown,253307,9/3/2020,6.9,4,Detached,393.7
1519525,Silvertown,77575,1/14/2022,6.3,2,Semi-detached,151.1
1834724,Riverford,263607,1/15/2022,5.8,6,Detached,579.5
1238706,Teasdale,210502,5/7/2021,3.1,3,Detached,271.2
1568879,Teasdale,431147,5/8/2020,6.8,6,Detached,529.3
1228731,Silvertown,247463,2/21/2021,1.4,4,Detached,390
1212594,Poppleton,258385,8/12/2021,3.3,5,Detached,438.3
1070741,Silvertown,100162,12/4/2022,3,2,Semi-detached,197.7
1567942,Poppleton,376129,11/25/2020,5.4,6,Detached,580.5
1202769,Riverford,243084,8/21/2021,6.6,5,Detached,482.1
1816052,Silvertown,96532,1/18/2020,7.1,2,Semi-detached,164.1
1817238,Poppleton,280056,12/5/2020,8.6,5,Detached,457
1059868,Silvertown,389121,7/5/2020,9.2,6,Detached,545.8
1388857,Silvertown,345957,5/4/2022,9.1,5,Detached,470.7
1581097,Silvertown,271507,10/21/2020,7.5,4,Detached,392.6
1331622,Teasdale,381838,1/25/2022,6.5,5,Detached,472.6
1702425,Silvertown,173179,9/9/2022,5,3,Detached,247.2
1192303,Silvertown,184443,6/5/2021,6.3,4,Detached,308.3
1738321,Teasdale,424864,6/22/2022,4.6,6,Detached,535.5
1308006,Riverford,42939,2/2/2021,5.6,2,Terraced,171.2
1413882,Poppleton,261822,3/21/2021,8.9,5,Detached,413.8
1687655,Teasdale,366486,3/6/2021,2.7,6,Detached,536.5
1796812,Riverford,184171,11/10/2020,5,4,Detached,372.9
1409944,Silvertown,295921,2/4/2021,8.7,5,Detached,426
1554227,Silvertown,317831,5/20/2020,3.7,5,Detached,489.6
1741874,Silvertown,85374,2/6/2021,6.3,2,Semi-detached,144.6
1623676,Teasdale,323563,11/29/2022,7.1,5,Detached,407
1283593,Silvertown,39121,11/27/2020,3.3,2,Terraced,109.9
1521813,Silvertown,90597,5/28/2022,6.8,2,Semi-detached,168.7
1482400,Silvertown,371680,4/27/2022,6.6,6,Detached,540.3
1331185,Silvertown,130449,6/23/2020,3.9,2,Detached,188.2
1035488,Silvertown,332120,1/20/2021,9.2,5,Detached,416.6
1968153,Silvertown,78907,2/25/2022,6.7,2,Semi-detached,157.5
1352826,Riverford,37850,5/7/2021,6.5,2,Terraced,150.3
1586558,Riverford,85866,9/23/2022,7.2,3,Semi-detached,210.8
1741272,Poppleton,70910,11/15/2022,6,3,Terraced,238.9
1289045,Silvertown,117159,1/11/2022,2.6,3,Semi-detached,228.4
1962455,Silvertown,369711,10/13/2021,5.6,6,Detached,564.7
1540109,Teasdale,75565,6/25/2022,5.3,2,Terraced,183.9
1803188,Riverford,123638,10/28/2021,7.6,3,Detached,250.5
1476842,Riverford,42444,7/1/2021,8.9,2,Semi-detached,116.4
1075463,Silvertown,283552,3/11/2022,5.3,5,Detached,402.4
1773996,Poppleton,198379,10/27/2021,10.8,4,Detached,310.2
1794958,Teasdale,247856,9/22/2020,5.7,4,Detached,330.9
1205878,Poppleton,193345,12/8/2021,6.1,4,Detached,325.5
1013370,Silvertown,70904,10/31/2022,4,3,Terraced,201.4
1481334,Silvertown,277215,4/8/2020,4.6,4,Detached,383.3
1706569,Riverford,212592,7/21/2020,5.1,5,Detached,409.8
1894462,Poppleton,328301,12/27/2021,5.7,6,Detached,558.7
1915911,Poppleton,258819,1/24/2021,6.7,5,Detached,470.3
1110131,Riverford,184744,8/11/2021,6.7,4,Detached,371
1951794,Poppleton,153171,7/5/2021,5.5,3,Detached,269.5
1552012,Poppleton,224280,11/29/2021,9.6,4,Detached,357
1498610,Poppleton,54568,8/28/2020,3.3,2,Semi-detached,119.6
1473607,Teasdale,95711,6/12/2020,8.3,2,Semi-detached,152.2
1829043,Riverford,245588,5/11/2022,9.5,6,Detached,510.5
1219625,Silvertown,343559,6/15/2022,7.8,5,Detached,477
1760373,Silvertown,185518,5/12/2021,5.3,3,Detached,282.4
1115076,Riverford,179828,5/4/2021,7.8,4,Detached,349.5
1866179,Silvertown,216174,8/29/2021,7.4,3,Detached,294.2
1328735,Riverford,73965,8/8/2020,5.7,2,Semi-detached,194.4
1423023,Poppleton,317996,1/8/2020,6,6,Detached,567.8
1144044,Poppleton,186399,3/17/2020,7.2,4,Detached,308.2
1961446,Silvertown,224027,12/21/2022,8.1,4,Detached,330.4
1431438,Teasdale,247400,4/28/2022,7.9,3,Detached,283
1164773,Teasdale,468873,1/16/2022,6.6,6,Detached,592.4
1061050,Poppleton,67383,8/25/2020,5.3,3,Terraced,225.1
1506794,Riverford,42964,8/25/2020,9.9,2,Semi-detached,112.5
1344855,Silvertown,367503,4/16/2022,6.9,6,Detached,538.6
1853431,Silvertown,98118,12/27/2021,3.9,2,Semi-detached,182.6
1016972,Poppleton,50031,1/3/2021,6.2,2,Terraced,156.3
1095449,Teasdale,367056,3/6/2020,6.6,5,Detached,430.5
1510999,Silvertown,234628,2/9/2020,6,4,Detached,328.3
1938787,Poppleton,68016,9/1/2021,7.9,3,Terraced,221.1
1107600,Teasdale,344442,10/12/2022,6.1,5,Detached,486.4
1457516,Silvertown,42541,5/20/2021,5.7,2,Terraced,119.8
1124601,Riverford,48378,7/5/2020,5.8,2,Terraced,188.5
1588234,Teasdale,70552,1/27/2022,5.1,2,Terraced,196.4
1405932,Silvertown,196322,10/8/2022,5.5,3,Detached,267.4
1951865,Teasdale,87231,4/10/2021,6.8,3,Terraced,218.2
1789052,Teasdale,82910,4/12/2020,3.9,3,Terraced,216.4
1289654,Silvertown,228617,3/10/2020,7.4,4,Detached,331.2
1500973,Poppleton,51815,1/17/2020,6.4,2,Semi-detached,114
1389463,Silvertown,174751,7/16/2022,7.5,3,Detached,269
1415982,Poppleton,181364,4/19/2020,4.9,3,Detached,295.4
1773583,Silvertown,68446,4/22/2022,4.8,2,Semi-detached,139.8
1148943,Teasdale,344711,9/3/2020,5.4,5,Detached,434.5
1590146,Silvertown,238853,2/5/2020,10,4,Detached,351.5
1156244,Silvertown,61053,5/20/2022,4.3,2,Semi-detached,117.3
1881976,Silvertown,362490,11/27/2020,6.4,6,Detached,511.2
1917269,Poppleton,357339,3/23/2020,8.2,6,Detached,575.6
1255852,Teasdale,260542,3/24/2020,4.2,4,Detached,315
1447311,Silvertown,117266,8/12/2021,10.3,3,Semi-detached,233.6
1545697,Teasdale,108806,3/3/2020,3.9,2,Semi-detached,170.7
1665606,Silvertown,210465,12/16/2022,4.4,3,Detached,293.9
1069769,Poppleton,323443,11/17/2021,5.1,6,Detached,512
1708767,Riverford,259551,2/2/2021,5.3,6,Detached,509
1139939,Riverford,156952,3/14/2020,1.1,4,Detached,312.4
1111613,Teasdale,85414,10/3/2020,8.7,3,Terraced,200.6
1258389,Silvertown,78201,10/5/2021,6.8,2,Semi-detached,143
1977134,Silvertown,340499,3/17/2020,7.9,5,Detached,483.9
1447979,Teasdale,88457,4/5/2022,7,3,Terraced,229
1069999,Silvertown,103904,3/20/2021,5.7,3,Semi-detached,201.4
1471178,Poppleton,312916,5/30/2021,3.7,6,Detached,510.3
1965504,Poppleton,326947,10/16/2020,5.3,6,Detached,595.4
1915660,Silvertown,173510,5/28/2021,1.7,3,Detached,246.3
1676284,Poppleton,251761,9/18/2021,7.3,5,Detached,413.7
1577564,Riverford,52314,12/25/2020,2.8,2,Semi-detached,136.4
1737085,Silvertown,308957,5/30/2020,7.4,5,Detached,440.8
1662900,Riverford,170881,10/17/2022,5,4,Detached,320.1
1331466,Silvertown,74571,12/21/2021,7.4,3,Terraced,224.8
1966170,Riverford,201944,4/12/2022,5.6,5,Detached,417.4
1634146,Poppleton,225857,2/10/2021,4.2,4,Detached,373
1106962,Poppleton,67681,10/31/2020,2.6,2,Semi-detached,165.2
1372799,Silvertown,346567,9/13/2020,5.1,5,Detached,464
1039235,Teasdale,263480,1/9/2021,6.1,3,Detached,299.6
1364208,Silvertown,137885,3/28/2020,6.6,2,Detached,197.2
1717737,Silvertown,35872,9/2/2020,7,2,Terraced,103.1
1131154,Teasdale,259608,12/8/2020,4.6,4,Detached,358.3
1029611,Teasdale,236422,5/30/2020,8,3,Detached,274.2
1425871,Silvertown,338521,9/5/2022,2.8,5,Detached,489.3
1468470,Teasdale,352623,2/17/2020,4.4,5,Detached,444.8
1281520,Silvertown,60305,5/10/2020,9.3,2,Semi-detached,122.6
1753521,Silvertown,324784,4/17/2022,6.4,6,Detached,511.2
1785806,Silvertown,123618,1/21/2021,8.9,3,Semi-detached,215.6
1506481,Teasdale,320488,12/27/2020,5,4,Detached,397.3
1838054,Silvertown,260472,7/9/2020,6.2,4,Detached,393.2
1270577,Riverford,174568,7/28/2021,5.4,4,Detached,356.2
1346201,Silvertown,287572,3/17/2021,11,5,Detached,460.7
1442834,Teasdale,65041,10/1/2020,8.5,2,Semi-detached,114.5
1766102,Teasdale,407022,11/3/2020,8.5,6,Detached,518.9
1644433,Poppleton,217615,8/9/2022,6,4,Detached,337.8
1774649,Silvertown,114223,8/28/2021,5,3,Semi-detached,207.5
1685898,Silvertown,276476,5/29/2022,8,4,Detached,381.1
1613830,Silvertown,287666,10/22/2020,6.5,5,Detached,408.3
1159842,Silvertown,72206,3/23/2020,7.4,2,Semi-detached,136.3
1561787,Poppleton,65832,4/12/2021,9.3,3,Terraced,228
1839750,Teasdale,330436,9/17/2021,6.2,5,Detached,407.4
1469407,Riverford,165859,10/28/2020,3.6,4,Detached,334.5
1015154,Poppleton,347114,9/11/2021,3.9,6,Detached,594.1
1446293,Riverford,177780,12/21/2021,6.7,4,Detached,371.8
1572336,Silvertown,180195,1/12/2022,9.4,3,Detached,251.3
1002467,Silvertown,274324,10/14/2021,5.9,4,Detached,389.2
1620607,Teasdale,221774,5/22/2020,4.7,3,Detached,269.2
1024734,Teasdale,334409,5/7/2021,5.8,4,Detached,394.2
1684459,Poppleton,234740,8/18/2022,4.7,4,Detached,392
1511664,Poppleton,314015,12/18/2022,9.8,6,Detached,538.9
1887614,Riverford,188134,6/2/2021,6.2,5,Detached,411.4
1022318,Riverford,284773,4/9/2021,8.4,6,Detached,567
1786470,Silvertown,43988,5/17/2020,3.7,2,Terraced,126.6
1162561,Silvertown,233325,7/29/2021,0.3,4,Detached,308
1875029,Poppleton,50924,5/30/2022,5.2,2,Terraced,166.1
1248897,Poppleton,233743,7/25/2021,5.8,4,Detached,388.7
1372861,Poppleton,241855,1/18/2020,8.5,5,Detached,409.8
1789914,Poppleton,148491,1/30/2022,4.9,3,Detached,254
1574233,Teasdale,363816,5/2/2021,7.6,5,Detached,439.6
1112457,Poppleton,165418,10/11/2022,7.8,3,Detached,258.6
1664987,Riverford,68206,10/13/2022,5.9,2,Semi-detached,168.6
1005041,Silvertown,93773,4/30/2021,7.4,2,Semi-detached,180.4
1801442,Riverford,40589,4/1/2021,4.2,2,Terraced,167.1
1721787,Poppleton,339689,11/1/2020,5.6,6,Detached,561.7
1173156,Teasdale,360183,4/11/2020,9.6,5,Detached,451.8
1172057,Silvertown,155547,3/4/2022,4.1,3,Detached,233.1
1842727,Silvertown,77152,7/14/2022,5.8,2,Semi-detached,142.1
1185632,Silvertown,392669,10/6/2021,4.8,6,Detached,526.6
1250952,Silvertown,55805,8/23/2022,4.1,2,Semi-detached,115.5
1814924,Teasdale,403145,4/10/2022,5.7,5,Detached,489.8
1430379,Silvertown,389722,3/9/2020,7.1,6,Detached,583.8
1267895,Silvertown,68195,1/27/2020,7.2,2,Terraced,184.3
1412171,Poppleton,161796,12/15/2022,6.8,3,Detached,267.1
1504480,Silvertown,67558,5/26/2022,6.1,3,Terraced,202.7
1571001,Silvertown,241740,12/1/2020,6.1,4,Detached,359.5
1294562,Silvertown,58457,3/23/2021,3.6,2,Terraced,157.6
1718951,Silvertown,174371,1/19/2020,9.1,3,Detached,262.8
1622511,Silvertown,476693,7/20/2020,6.5,6,Detached,592.2
1807462,Teasdale,88081,11/28/2020,3.9,3,Terraced,207.8
1302612,Teasdale,368322,7/3/2020,7.8,5,Detached,494
1915646,Silvertown,286151,5/18/2020,8.8,5,Detached,415.8
1780110,Riverford,260529,10/30/2020,7.2,6,Detached,509.3
1159165,Poppleton,81247,9/22/2020,4.3,2,Semi-detached,177
1199977,Poppleton,366429,10/21/2021,8.7,6,Detached,596.2
1981624,Silvertown,239489,7/15/2022,7.5,4,Detached,347.8
1288867,Silvertown,197706,10/10/2022,5.2,3,Detached,290.3
1100877,Silvertown,62884,8/25/2022,6.7,2,Terraced,173.7
1908868,Teasdale,296081,8/4/2021,4.3,4,Detached,366.1
1888662,Teasdale,91123,7/18/2020,7.7,3,Terraced,229.2
1239692,Silvertown,321757,3/3/2022,4.3,5,Detached,421.2
1909044,Silvertown,269052,1/27/2020,8.1,5,Detached,403.7
1907452,Teasdale,268199,3/22/2022,5.9,4,Detached,335.3
1522611,Poppleton,304573,8/26/2022,5.9,6,Detached,531.4
1822825,Poppleton,252017,3/15/2020,5.4,5,Detached,441.2
1321599,Poppleton,231024,4/4/2021,5.4,4,Detached,379
1725013,Riverford,317451,5/21/2021,2.8,6,Detached,586.8
1162727,Silvertown,361850,6/18/2020,6.2,6,Detached,543
1221730,Poppleton,175980,11/17/2021,6.9,3,Detached,290.4
1376443,Poppleton,49373,1/10/2021,7.3,2,Semi-detached,110.4
1018192,Silvertown,215994,10/3/2022,3.7,3,Detached,285.8
1486695,Poppleton,146325,11/8/2021,4.8,3,Detached,269.5
1414031,Poppleton,210698,12/1/2021,5.6,4,Detached,359.7
1971958,Teasdale,257087,5/15/2022,8.1,4,Detached,312.2
1559666,Teasdale,143042,2/19/2021,6.3,3,Semi-detached,224.5
1483354,Poppleton,71327,7/31/2021,7.9,2,Semi-detached,171.7
1323032,Poppleton,67360,5/18/2022,8,3,Terraced,224.8
1738123,Poppleton,140183,7/31/2021,7.2,3,Detached,248.6
1252919,Silvertown,63106,6/2/2021,7.8,2,Terraced,184.5
1922596,Silvertown,334547,10/4/2020,8,5,Detached,489.5
1896466,Poppleton,168085,12/9/2020,6.7,3,Detached,270
1553979,Silvertown,408670,11/24/2021,9.5,6,Detached,550.4
1996575,Poppleton,342201,5/6/2020,6.3,6,Detached,569.1
1039673,Riverford,139799,6/13/2022,9.5,3,Detached,284.5
1801019,Teasdale,405622,4/27/2022,2.1,6,Detached,505.4
1083409,Teasdale,82462,1/17/2022,5.7,3,Terraced,212.2
1813005,Silvertown,302958,9/17/2022,2.3,5,Detached,405.1
1686489,Teasdale,403052,11/20/2020,3.8,6,Detached,520.5
1667019,Teasdale,435345,7/1/2020,5.9,5,Detached,498.5
1169418,Silvertown,304559,12/19/2022,8.9,5,Detached,405.6
1959736,Silvertown,356640,4/7/2020,6.1,6,Detached,524.2
1282341,Silvertown,320857,10/25/2022,6,5,Detached,499
1202977,Silvertown,90544,1/5/2020,3.8,2,Semi-detached,176.1
1595398,Teasdale,274740,11/19/2021,3,4,Detached,341.6
1952316,Poppleton,63788,9/27/2021,7.4,2,Semi-detached,159.4
1993301,Riverford,236992,1/26/2020,4,5,Detached,478.1
1464318,Riverford,311956,6/20/2021,7.6,6,Detached,588.4
1597795,Poppleton,178538,5/17/2022,3.6,3,Detached,291
1794617,Riverford,188435,2/5/2022,6.1,5,Detached,430
1360104,Silvertown,356705,4/16/2021,7.6,6,Detached,509.9
1242269,Silvertown,284860,9/15/2022,5.9,5,Detached,401.9
1674446,Teasdale,84761,3/18/2021,8.5,2,Semi-detached,141.5
1188960,Poppleton,86435,6/6/2021,4.8,2,Semi-detached,175.4
1212646,Poppleton,59268,1/23/2020,6.2,2,Semi-detached,138.6
1196865,Teasdale,390847,10/24/2021,5.5,5,Detached,453
1335815,Silvertown,363896,6/1/2020,7,6,Detached,520.7
1590384,Poppleton,330314,1/5/2021,3.6,6,Detached,576.7
1735848,Silvertown,77489,9/20/2021,5.7,2,Semi-detached,153.3
1788894,Silvertown,169412,1/20/2021,5.6,3,Detached,255.3
1324006,Teasdale,423222,10/12/2022,4.9,6,Detached,537.5
1690955,Silvertown,47007,5/11/2021,7.1,2,Terraced,134.4
1602378,Teasdale,349545,11/12/2022,5.1,5,Detached,423.9
1851633,Silvertown,337862,11/26/2021,5.6,5,Detached,490.4
1437062,Teasdale,324921,7/17/2022,8.5,5,Detached,419.3
1985334,Riverford,94017,12/30/2020,8.1,3,Semi-detached,234.4
1424372,Silvertown,43895,7/2/2022,3,2,Terraced,127.5
1705785,Riverford,56607,1/9/2020,8,2,Semi-detached,152.6
1227683,Teasdale,327157,7/27/2020,6.6,5,Detached,419.7
1519404,Teasdale,406021,11/26/2020,6.9,6,Detached,527.2
1457160,Teasdale,398608,10/30/2021,3.4,6,Detached,516.1
1405749,Riverford,215582,12/31/2021,3.8,5,Detached,435.3
1774093,Riverford,133715,4/12/2022,8.7,3,Detached,277.6
1057800,Poppleton,201733,4/26/2021,5.4,4,Detached,317.9
1113494,Poppleton,347667,7/9/2020,3.3,5,Detached,499
1373996,Teasdale,204116,7/20/2021,6.8,3,Detached,262.5
1036594,Riverford,186845,8/24/2021,6.7,4,Detached,385.8
1981273,Teasdale,128704,2/12/2022,6.8,3,Semi-detached,214.5
1796408,Poppleton,147682,4/12/2021,3.8,3,Detached,265.1
1088339,Teasdale,321299,7/16/2021,7.1,4,Detached,383.3
1841015,Poppleton,203412,2/22/2021,7.9,4,Detached,336.5
1409495,Silvertown,451050,10/31/2021,5.3,6,Detached,598.3
1797302,Silvertown,295448,1/20/2020,7.2,5,Detached,439.9
1195258,Teasdale,464918,11/5/2022,5.8,6,Detached,574
1093717,Teasdale,253079,12/29/2021,8.3,4,Detached,313.6
1647521,Riverford,187265,6/16/2022,7.7,5,Detached,404.7
1760967,Silvertown,114086,7/5/2022,4.6,3,Semi-detached,206.9
1044550,Teasdale,438907,11/17/2022,7.7,6,Detached,562.8
1862298,Silvertown,260903,11/25/2020,2.3,4,Detached,371.7
1155292,Riverford,34129,11/30/2022,4.3,2,Terraced,151.4
1825270,Silvertown,135718,7/28/2022,7.2,3,Semi-detached,239
1551646,Silvertown,333605,10/22/2022,6.4,6,Detached,505.6
1152481,Silvertown,88669,7/31/2020,4.7,2,Semi-detached,173.7
1237327,Riverford,176754,4/18/2022,2.1,4,Detached,384
1123598,Teasdale,99817,5/26/2022,8.8,2,Semi-detached,152.7
1166899,Riverford,244567,11/5/2021,4.2,5,Detached,492.6
1869786,Poppleton,289384,4/12/2020,5.8,5,Detached,460.8
1713446,Riverford,285519,9/21/2020,8.3,6,Detached,588.2
1001379,Silvertown,296463,6/16/2020,8.8,5,Detached,400.5
1569333,Silvertown,64034,2/9/2022,8.8,3,Terraced,201.1
1504899,Teasdale,279409,4/5/2021,5.3,4,Detached,350.9
1174909,Poppleton,201125,2/8/2022,5.1,4,Detached,324.1
1166073,Teasdale,55762,5/16/2022,2.3,2,Terraced,122
1650308,Teasdale,474885,2/11/2022,2.5,6,Detached,589.2
1703006,Poppleton,339898,2/9/2022,5.1,6,Detached,517
1766026,Silvertown,253743,12/29/2022,6.7,4,Detached,350.8
1211152,Teasdale,82852,1/15/2022,5,2,Semi-detached,143
1845825,Poppleton,35312,9/21/2020,7,2,Terraced,119.1
1590345,Silvertown,261327,9/1/2020,6.2,4,Detached,355.1
1567558,Silvertown,213376,6/22/2020,11.2,3,Detached,275.5
1274700,Silvertown,41825,4/2/2021,7.5,2,Terraced,129.1
1129164,Poppleton,335258,10/15/2021,4.3,6,Detached,505.8
1706447,Poppleton,231426,6/9/2020,6.2,4,Detached,339.4
1531171,Silvertown,407818,10/23/2022,5.6,6,Detached,571.7
1054251,Poppleton,301273,1/10/2020,7.8,6,Detached,580.5
1634751,Silvertown,326256,7/17/2020,8.4,5,Detached,449
1719211,Silvertown,309581,12/21/2022,7.5,5,Detached,442
1503675,Poppleton,54641,7/31/2021,5.3,2,Terraced,173
1416340,Teasdale,376433,12/17/2021,2.7,5,Detached,466
1816668,Teasdale,486072,1/11/2021,7.9,6,Detached,580.9
1473418,Silvertown,194001,1/30/2022,5.7,3,Detached,273.8
1235051,Silvertown,121389,11/21/2020,8.1,3,Semi-detached,233.9
1184928,Silvertown,429895,9/21/2021,7.7,6,Detached,578.8
1296800,Riverford,137652,7/25/2022,5.6,3,Detached,277.8
1442995,Poppleton,280742,11/10/2022,3.2,5,Detached,471.7
1943575,Silvertown,57080,10/26/2022,7.4,2,Terraced,168.8
1234826,Riverford,245364,9/30/2021,3.2,5,Detached,472.9
1384822,Riverford,115560,2/6/2021,9.6,3,Detached,250.8
1392717,Silvertown,262168,8/7/2021,5.2,4,Detached,362.1
1051714,Silvertown,90875,7/2/2020,7.9,2,Semi-detached,176.2
1112200,Silvertown,226118,1/21/2021,2.8,3,Detached,288.3
1913014,Riverford,298667,10/26/2022,5.9,6,Detached,586.7
1764894,Teasdale,339558,3/3/2022,6.2,5,Detached,441.1
1374317,Silvertown,206822,1/30/2022,5.1,3,Detached,284.1
1512740,Teasdale,137944,4/8/2022,5.8,3,Semi-detached,229.7
1775786,Poppleton,336356,6/12/2022,6,5,Detached,499.4
1917244,Silvertown,410038,11/7/2021,7.2,6,Detached,584.8
1922459,Silvertown,48700,3/15/2022,6.2,2,Terraced,132.7
1915517,Poppleton,259070,2/28/2022,5.1,5,Detached,463.3
1914768,Silvertown,191746,5/12/2021,8.5,3,Detached,248.9
1154056,Teasdale,335169,5/18/2020,7.5,5,Detached,425.3
1826061,Silvertown,267068,8/1/2022,4.7,5,Detached,402.6
1687634,Teasdale,220327,7/27/2020,5.9,3,Detached,274.2
1457251,Silvertown,190769,3/6/2022,4,3,Detached,266.3
1221656,Silvertown,372865,7/9/2022,6.6,6,Detached,536
1714159,Riverford,281846,9/12/2022,6,6,Detached,557.2
1754113,Silvertown,72189,10/22/2022,8,2,Terraced,197.6
1268671,Riverford,74055,9/20/2022,9.6,2,Semi-detached,176.9
1075453,Teasdale,398414,6/12/2020,5,6,Detached,545.9
1139916,Poppleton,353870,2/14/2020,9.5,6,Detached,522.5
1973029,Poppleton,368274,12/20/2022,9.5,6,Detached,582.8
1238936,Poppleton,332977,10/4/2020,6,6,Detached,546.4
1547812,Silvertown,73860,4/4/2020,6.9,2,Semi-detached,132.5
1012510,Teasdale,384787,1/29/2022,11.7,5,Detached,478.7
1930865,Teasdale,407107,1/31/2022,6.9,6,Detached,537.1
1098478,Teasdale,420146,11/11/2021,7,6,Detached,513.7
1577214,Riverford,234246,3/8/2020,3.4,5,Detached,451.5
1812585,Silvertown,83138,1/6/2022,5.4,3,Terraced,228.9
1656074,Silvertown,167250,8/5/2020,6.7,3,Detached,242.5
1840419,Silvertown,124894,4/21/2021,6.1,3,Semi-detached,220.9
1104680,Silvertown,200746,2/16/2021,8.9,4,Detached,311.6
1476491,Teasdale,310519,1/17/2020,2.9,4,Detached,389.1
1033477,Riverford,38418,8/1/2021,2.3,2,Semi-detached,101
1156714,Silvertown,303022,2/28/2021,6.3,5,Detached,443.5
1370046,Teasdale,233968,3/20/2021,6.5,3,Detached,280.2
1601537,Poppleton,144244,10/2/2020,2.2,3,Detached,248.7
1865186,Teasdale,271037,11/23/2022,9.2,4,Detached,338.4
1867160,Silvertown,415377,4/8/2020,7,6,Detached,594.6
1525260,Riverford,142038,2/4/2022,6.4,3,Detached,284.5
1970675,Silvertown,48534,3/25/2022,5.2,2,Terraced,131
1214416,Poppleton,350007,7/3/2022,9.5,6,Detached,588.7
1734478,Silvertown,251638,10/18/2020,6.5,4,Detached,344.4
1521633,Teasdale,444440,9/2/2020,4.8,6,Detached,574.4
1975383,Teasdale,49268,12/11/2022,7.2,2,Terraced,129.9
1805535,Silvertown,110208,11/12/2022,5.7,2,Semi-detached,199.9
1048368,Silvertown,76550,2/26/2020,5.5,2,Semi-detached,140.9
1597231,Silvertown,356054,2/21/2020,5.5,5,Detached,471.6
1780407,Riverford,65159,6/27/2020,7.1,2,Semi-detached,185.9
1131119,Riverford,270176,4/14/2020,6.6,6,Detached,569.6
1681629,Poppleton,271232,12/20/2020,5.8,5,Detached,464
1887492,Silvertown,314950,5/1/2022,5.2,5,Detached,480.2
1722501,Poppleton,122276,7/16/2021,7.4,2,Detached,197.5
1424869,Poppleton,355161,6/8/2022,4.8,6,Detached,565.1
1996797,Silvertown,55663,7/13/2022,6.6,2,Terraced,144.1
1780120,Silvertown,38137,7/25/2020,7.1,2,Terraced,105
1112155,Silvertown,199806,4/26/2021,5.3,3,Detached,278.6
1953575,Teasdale,236485,4/26/2021,8.2,4,Detached,320.7
1053367,Teasdale,280481,3/12/2020,6.7,4,Detached,392
1487267,Silvertown,72738,11/3/2021,6.1,2,Semi-detached,152.2
1559697,Teasdale,335745,11/4/2021,4.2,5,Detached,400.2
1583503,Poppleton,328622,5/25/2021,5.9,6,Detached,517.5
1937133,Teasdale,436336,3/25/2022,4.6,6,Detached,517
1674331,Poppleton,359901,1/1/2020,7.3,6,Detached,564.5
1925517,Teasdale,69032,3/20/2022,2.5,2,Terraced,180.4
1965856,Teasdale,265479,7/25/2020,9.9,4,Detached,341
1360358,Silvertown,306582,12/13/2021,8,5,Detached,441.3
1554119,Poppleton,140208,10/18/2021,2.1,3,Detached,242.8
1683951,Teasdale,79620,5/26/2022,6.3,2,Semi-detached,136.6
1816563,Teasdale,460177,9/24/2021,8.8,6,Detached,560.7
1982305,Teasdale,43871,8/9/2022,8.3,2,Terraced,104.4
1555991,Teasdale,378276,5/11/2021,8.6,5,Detached,449.8
1616517,Teasdale,143125,8/8/2021,8.4,2,Detached,199.8
1629247,Riverford,144431,7/10/2020,6.5,3,Detached,287.9
1536547,Riverford,166445,6/28/2020,8.1,4,Detached,348.3
1439233,Silvertown,290394,2/19/2022,6.6,4,Detached,396.5
1527458,Riverford,243692,4/16/2020,3.5,6,Detached,516.1
1888647,Teasdale,451393,4/12/2020,8.2,6,Detached,579.2
1700417,Silvertown,327860,12/14/2021,9,5,Detached,449.7
1526757,Teasdale,430911,10/23/2022,6,6,Detached,543.4
1921674,Silvertown,219838,10/29/2020,9.9,4,Detached,340.8
1275861,Teasdale,429652,1/3/2022,3.5,6,Detached,574.8
1015912,Silvertown,317139,12/29/2021,2.9,5,Detached,448.3
1581333,Silvertown,123806,6/11/2020,7.1,3,Semi-detached,232.1
1219397,Teasdale,104582,9/27/2020,6.9,2,Semi-detached,191.4
1509253,Teasdale,224870,6/9/2020,7.2,3,Detached,290.5
1696302,Teasdale,246764,5/28/2021,6.7,4,Detached,314.2
1242617,Teasdale,314801,7/29/2020,4.6,4,Detached,378
1829504,Poppleton,220560,2/28/2020,6.5,4,Detached,385.2
1513368,Silvertown,179380,2/2/2020,3.1,3,Detached,266.5
1115822,Poppleton,147938,3/24/2021,8.2,3,Detached,255.9
1679929,Poppleton,67424,7/13/2020,7.4,2,Semi-detached,150.4
1007395,Silvertown,378679,9/21/2020,4.1,6,Detached,579.5
1441692,Riverford,241027,6/17/2022,7,5,Detached,482.9
1364362,Riverford,242187,11/5/2020,6.6,5,Detached,479.2
1347779,Riverford,166740,11/6/2022,4.1,4,Detached,330.8
1795845,Silvertown,326309,9/29/2020,5.5,5,Detached,496
1985622,Riverford,281847,4/22/2022,6.4,6,Detached,533.3
1425173,Teasdale,397607,11/21/2021,6,6,Detached,501.9
1598962,Poppleton,171050,8/17/2021,6.4,3,Detached,262.6
1141704,Silvertown,60866,6/27/2020,5.2,2,Semi-detached,123.5
1933648,Silvertown,394611,7/31/2021,4.7,6,Detached,556.7
1661909,Teasdale,382785,2/21/2022,4.7,5,Detached,457.8
1553249,Riverford,154352,1/28/2020,7.3,3,Detached,299.4
1774919,Poppleton,154492,10/25/2022,5.4,3,Detached,268
1429169,Silvertown,195841,1/16/2021,5,3,Detached,276.1
1683465,Riverford,65269,2/27/2021,6.7,2,Semi-detached,183.6
1493419,Poppleton,299644,3/3/2022,5.3,6,Detached,512
1204834,Silvertown,267970,1/28/2021,4.4,4,Detached,368.9
1296860,Silvertown,275236,8/9/2020,4.3,4,Detached,367
1524191,Riverford,54332,12/7/2021,6.9,3,Terraced,227.7
1610667,Teasdale,394586,8/9/2020,7.5,5,Detached,468
1354209,Teasdale,213210,7/8/2020,2.7,3,Detached,277.1
1473569,Riverford,48750,10/8/2020,5.5,2,Semi-detached,122
1724688,Silvertown,83749,6/11/2022,9.1,2,Semi-detached,148.8
1760047,Teasdale,216472,11/25/2021,7.6,3,Detached,269.8
1726653,Poppleton,330621,4/24/2020,7.8,6,Detached,562.5
1723525,Teasdale,44131,4/9/2020,7,2,Terraced,110.6
1956880,Teasdale,316948,8/10/2022,5.2,4,Detached,398.9
1637431,Riverford,219578,11/22/2021,7.4,5,Detached,477.9
1656336,Silvertown,234699,5/29/2022,4.8,4,Detached,333.6
1288018,Poppleton,161784,7/28/2022,4.9,3,Detached,274.1
1485055,Teasdale,330108,8/12/2020,4.3,5,Detached,409.2
1932264,Riverford,193714,9/12/2022,5.5,4,Detached,371.5
1759874,Teasdale,264524,3/26/2021,7.8,4,Detached,346.9
1838664,Poppleton,276276,5/29/2022,6,5,Detached,427.3
1705846,Teasdale,200587,4/15/2022,5.1,3,Detached,242.5
1417197,Silvertown,49384,9/12/2021,5,2,Semi-detached,101.9
1383189,Teasdale,232680,7/9/2022,3.5,4,Detached,320.6
1994865,Silvertown,299213,2/7/2021,6.1,5,Detached,479.3
1681799,Teasdale,446210,12/13/2022,8.1,6,Detached,534.2
1680927,Silvertown,224858,6/5/2020,4.6,4,Detached,335.2
1797966,Teasdale,196186,9/13/2021,5.5,3,Detached,261.5
1986180,Teasdale,265159,1/14/2020,7.5,4,Detached,333.6
1574543,Silvertown,120952,5/4/2021,8.9,3,Semi-detached,232.3
1864258,Silvertown,324055,1/11/2022,7.8,5,Detached,473.9
1157262,Teasdale,326599,1/13/2021,10.8,4,Detached,381.2
1584728,Teasdale,385812,5/3/2020,5.1,5,Detached,480.2
1012230,Poppleton,234222,10/14/2020,5.4,4,Detached,393.2
1053212,Silvertown,247784,10/15/2021,5,4,Detached,345
1811920,Teasdale,264766,4/26/2020,3.8,4,Detached,334.9
1912258,Poppleton,359748,2/28/2022,9.5,6,Detached,572.4
1321853,Riverford,199019,1/20/2022,8,5,Detached,415.6
1598413,Poppleton,86211,1/31/2022,5,2,Semi-detached,194.5
1593379,Poppleton,238958,7/16/2020,5.2,4,Detached,381.3
1018110,Teasdale,378727,4/2/2021,3.8,5,Detached,474.8
1991484,Silvertown,69641,11/16/2022,6.2,2,Semi-detached,140.7
1438368,Teasdale,468776,7/3/2022,2.4,6,Detached,594.2
1832618,Poppleton,355910,11/24/2021,4.3,6,Detached,592.8
1870515,Silvertown,81569,4/27/2021,7.5,2,Semi-detached,155.2
1757402,Poppleton,206743,2/20/2021,3.4,4,Detached,382.7
1555362,Teasdale,406260,8/24/2022,5,6,Detached,524.5
1226086,Silvertown,396967,1/1/2021,6.5,6,Detached,574.7
1383631,Silvertown,384269,11/25/2020,7.3,5,Detached,490.9
1859207,Poppleton,209409,1/8/2022,2.7,4,Detached,333.6
1825378,Silvertown,365138,2/16/2020,3.7,6,Detached,518.9
1806162,Poppleton,47624,1/2/2022,6.7,2,Terraced,149
1992176,Poppleton,168829,3/25/2021,5,3,Detached,288.8
1839350,Poppleton,81848,8/31/2022,4.6,3,Semi-detached,200.5
1309459,Silvertown,407603,10/23/2020,7.3,6,Detached,529.3
1770519,Poppleton,215984,5/26/2020,7.3,4,Detached,382.3
1209496,Silvertown,253800,2/21/2021,6.4,4,Detached,381.7
1995119,Poppleton,98132,8/28/2021,7.5,2,Semi-detached,199
1068811,Silvertown,74019,10/13/2021,5.9,2,Semi-detached,146.6
1086416,Riverford,42174,5/1/2020,4.1,2,Semi-detached,118.3
1686342,Teasdale,427000,2/20/2022,2.1,6,Detached,537
1972037,Silvertown,307859,5/23/2022,5.7,5,Detached,418.1
1934993,Teasdale,339027,1/25/2020,6,5,Detached,417.6
1140244,Poppleton,274086,6/11/2020,7.1,5,Detached,438.9
1661170,Riverford,127264,9/28/2020,4.9,3,Detached,241.7
1787326,Teasdale,271894,9/13/2021,3.4,4,Detached,337
1236767,Teasdale,284978,2/10/2022,9.2,4,Detached,363.2
1698478,Poppleton,226167,10/2/2020,5.7,4,Detached,399
1634951,Silvertown,105675,9/7/2020,7,3,Semi-detached,202.7
1863995,Silvertown,109640,5/20/2021,2.1,2,Semi-detached,194.8
1768231,Poppleton,181208,1/3/2022,6.3,4,Detached,315.1
1254519,Silvertown,355656,4/16/2021,6.7,6,Detached,501.7
1078750,Poppleton,201410,9/28/2020,6.4,4,Detached,308.9
1549292,Silvertown,363909,2/2/2022,3.3,5,Detached,494.1
1182033,Teasdale,415150,3/17/2022,2.1,6,Detached,512.9
1999477,Riverford,122742,2/25/2021,4,3,Detached,245.3
1752244,Silvertown,90523,10/12/2020,4.4,2,Semi-detached,169.4
1284838,Poppleton,304921,5/22/2021,4.4,6,Detached,530.1
1307646,Silvertown,58043,9/22/2021,6.1,2,Terraced,158.1
1899630,Teasdale,201178,3/13/2020,5,3,Detached,243.6
1475724,Teasdale,241037,8/4/2020,3.3,3,Detached,291.6
1734632,Silvertown,180973,9/4/2020,8.1,3,Detached,244.1
1499590,Poppleton,255004,4/9/2022,7.6,5,Detached,430.2
1880101,Poppleton,246296,3/22/2020,5.6,5,Detached,407.4
1952137,Riverford,45461,7/8/2021,9.2,2,Terraced,185.5
1084746,Poppleton,264818,7/23/2022,5.9,5,Detached,429
1788634,Poppleton,285757,9/3/2021,12.5,5,Detached,488.2
1357647,Teasdale,299826,1/30/2022,8.3,4,Detached,389.5
1014588,Teasdale,290979,9/27/2022,6.3,4,Detached,345.9
1555243,Poppleton,188728,12/3/2022,5.8,4,Detached,301.3
1967587,Teasdale,216184,5/17/2022,5.4,3,Detached,289.1
1457243,Teasdale,78261,2/17/2022,3.2,2,Semi-detached,134.4
1700318,Silvertown,320895,6/2/2021,6.2,5,Detached,461.8
1684100,Riverford,294050,8/4/2022,8.1,6,Detached,593.6
1013102,Silvertown,175633,4/3/2020,2.9,3,Detached,251.1
1170591,Teasdale,113885,11/17/2022,4.2,2,Semi-detached,178.2
1427778,Teasdale,286749,1/1/2021,3.5,4,Detached,373.5
1895548,Silvertown,319629,12/28/2021,1.3,5,Detached,482.5
1162894,Poppleton,354473,1/2/2022,5.7,6,Detached,579
1271277,Silvertown,91126,8/21/2022,9.5,2,Semi-detached,174.8
1828761,Silvertown,339200,3/24/2022,6.1,5,Detached,477.2
1692915,Poppleton,236633,3/26/2022,4.6,4,Detached,382
1756167,Silvertown,207132,1/19/2020,6.7,4,Detached,304.2
1278827,Riverford,216143,10/6/2021,5.8,5,Detached,427.5
1937520,Riverford,191609,2/1/2021,8,4,Detached,367.5
1509660,Silvertown,393054,8/2/2020,6,6,Detached,566.4
1179755,Silvertown,371804,5/24/2022,6.8,6,Detached,570
1076368,Silvertown,180623,8/16/2020,5.8,3,Detached,266.5
1987271,Poppleton,233589,11/6/2022,3.8,4,Detached,384.8
1535998,Riverford,138833,11/19/2021,7.3,3,Detached,284.2
1481595,Teasdale,241008,10/3/2020,0.3,3,Detached,283.4
1598212,Teasdale,241139,7/11/2022,5.2,3,Detached,293.4
1549200,Poppleton,255873,1/17/2020,8.8,5,Detached,407.8
1919273,Silvertown,298012,8/5/2020,9.1,5,Detached,429.5
1512003,Silvertown,280859,12/21/2022,6.1,4,Detached,369.3
1452168,Poppleton,258418,2/24/2020,7.6,5,Detached,417.2
